1|2025-11-17|recovery
2|2025-11-19|recovery
3|2025-11-21|recovery
4|2025-11-23|recovery
5|2025-11-25|recovery
6|2025-11-28|recovery
7|2025-12-01|recovery
8|2025-12-03|recovery
9|2025-12-05|recovery
11|2025-12-08|hybrid_a
12|2025-12-09|recovery
13|2025-12-11|hybrid_a
14|2025-12-12|recovery
15|2025-12-15|hybrid_a
16|2025-12-16|recovery
17|2025-12-18|hybrid_a
18|2025-12-19|recovery
19|2025-12-22|hybrid_a
20|2025-12-23|recovery
21|2025-12-24|hybrid_b
22|2025-12-27|hybrid_a
23|2025-12-29|hybrid_b
24|2025-12-30|hybrid_a
25|2025-12-31|recovery
26|2026-01-01|recovery
27|2026-01-02|hybrid_a
28|2026-01-05|bullpen
29|2026-01-06|recovery
30|2026-01-08|hybrid_b
31|2026-01-09|bullpen
32|2026-01-10|recovery
33|2026-01-12|bullpen
34|2026-01-13|recovery + game + game
35|2026-01-15|hybrid_b
36|2026-01-16|bullpen
37|2026-01-17|hybrid_b
38|2026-01-19|bullpen
39|2026-01-20|recovery
40|2026-01-22|hybrid_b
41|2026-01-23|bullpen
42|2026-01-24|recovery
43|2026-01-27|bullpen
44|2026-01-28|recovery
45|2026-01-29|hybrid_b
46|2026-01-30|bullpen
47|2026-01-31|recovery
48|2026-02-02|bullpen
49|2026-02-03|hybrid_b
50|2026-02-04|recovery
51|2026-02-05|recovery
52|2026-02-06|live_abs
53|2026-02-10|hybrid_b
54|2026-02-11|hybrid_b
55|2026-02-12|recovery
56|2026-02-13|bullpen
57|2026-02-14|recovery
58|2026-02-16|bullpen
59|2026-02-17|recovery
60|2026-02-18|hybrid_b
61|2026-02-19|live_abs
62|2026-02-20|hybrid_b
63|2026-02-21|recovery
64|2026-02-23|live_abs
65|2026-02-24|recovery
66|2026-02-25|hybrid_b
67|2026-02-26|hybrid_b
68|2026-02-27|hybrid_b
69|2026-02-28|recovery
70|2026-03-02|live_abs
71|2026-03-03|recovery
72|2026-03-04|recovery
73|2026-03-05|hybrid_a
74|2026-03-06|live_abs
75|2026-03-07|recovery
76|2026-03-08|hybrid_b
77|2026-03-12|recovery+
78|2026-03-11|recovery
79|2026-03-10|hybrid_b
80|2026-03-13|hybrid_b
81|2026-03-14|recovery+
82|2026-03-15|hybrid_b + game
83|2026-03-16|recovery+
84|2026-03-17|recovery+
85|2026-03-18|game_prep
86|2026-03-19|recovery+
87|2026-03-20|hybrid_b
88|2026-03-21|recovery+ + game
89|2026-03-22|recovery+
90|2026-03-24|game_prep
91|2026-03-25|recovery+
92|2026-03-26|hybrid_b
93|2026-03-27|game_prep
94|2026-03-28|recovery+
95|2026-03-30|recovery
96|2026-03-31|hybrid_b
97|2026-04-01|hybrid_b
98|2026-04-02|hybrid_b
99|2026-04-03|recovery
100|2026-04-04|hybrid b + game
101|2026-04-06|recovery+
102|2026-04-07|hybrid_b
104|2026-04-08|recovery+ + game + game + game
105|2026-04-09|recovery+
106|2026-04-10|recovery+ + game
107|2026-04-11|recovery
108|2026-04-12|recovery+
109|2026-04-14|game_prep
110|2026-04-15|hybrid_b + game
111|2026-04-16|recovery
112|2026-04-17|hybrid_b
113|2026-04-18|game_prep
114|2026-04-19|game_prep + game 
115|2026-04-21|recovery+
117|2026-04-22|hybrid_b
118|2026-04-23|game_prep + game 
119|2026-04-24|recovery+
120|2026-04-25|off
121|2026-04-26|hybrid_b
122|2026-04-28|game_prep + game
123|2026-04-29|recovery
124|2026-04-30|hybrid_b
125|2026-05-01|hybrid_b + game
126|2026-05-02|recovery
127|2026-05-03|hybrid_b
128|2026-05-05|hybrid_a
129|2026-05-06|recovery + game
130|2026-05-07|recovery
131|2026-05-08|hybrid_a
132|2026-05-09|recovery+
133|2026-05-10|game_prep
134|2026-05-12|game_prep
135|2026-05-13|game_prep + game
136|2026-05-15|recovery+
137|2026-05-16|hybrid_b
138|2026-05-17|hybrid_b + game
139|2026-05-19|hybrid_b + game
140|2026-05-20|recovery
141|2026-05-21|hybrid_b + game
142|2026-05-22|hybrid_b
143|2026-05-23|game_prep + game
144|2026-05-24|recovery+
145|2026-05-26|recovery+
146|2026-05-27|hybrid_b
147|2026-05-28|hybrid_b
148|2026-05-29|hybrid_b
149|2026-05-30|game_prep + game + game
150|2026-05-31|recovery+
151|2026-06-02|hybrid_b
152|2026-06-03|constraint_long_toss + game
153|2026-06-04|recovery
154|2026-06-05|hybrid_b
155|2026-06-06|constraint_long_toss
156|2026-06-07|game_prep
157|2026-06-09|game_prep + game
159|2026-06-10|recovery+
160|2026-06-11|constraint_long_toss
161|2026-06-12|recovery
162|2026-06-13|recovery+
163|2026-06-14|game_prep + game
164|2026-06-16|recovery
165|2026-06-17|recovery+
166|2026-06-18|hybrid_b
167|2026-06-19|game_prep + game
168|2026-06-20|recovery
169|2026-06-21|recovery+
170|2026-06-23|hybrid_b
171|2026-06-24|recovery+
172|2026-06-25|game_prep
173|2026-06-26|recovery
174|2026-06-27|recovery+
175|2026-06-28|game_prep + game
176|2026-06-30|recovery+
177|2026-07-01|recovery+
178|2026-07-02|game_prep + game
179|2026-07-03|recovery
180|2026-07-04|hybrid_b
181|2026-07-05|hybrid_b + get hot

182|2026-07-07|recovery+
183|2026-07-08|hybrid_b + game
184|2026-07-09|recovery
185|2026-07-10|hybrid_b
186|2026-07-11|recovery+
187|2026-07-12|game_prep + game
188|2026-07-16|recovery+
189|2026-07-17|hybrid_b
190|2026-07-18|game_prep
191|2026-07-19|recovery+ + game
192|2026-07-21|recovery+
193|2026-07-22|hybrid_b
194|2026-07-23|hybrid_b
195|2026-07-24|recovery + game
196|2026-07-25|recovery+
197|2026-07-26|hybrid_b
198|2026-07-28|hybrid_b
199|2026-07-29|game_prep + game
200|2026-07-30|recovery+
201|2026-07-31|hybrid_b
202|2026-08-01|hybrid_b
203|2026-08-02|game_prep
204|2026-08-04|hybrid_b + game
205|2026-08-05|recovery
206|2026-08-06|hybrid_b
207|2026-08-07|hybrid_b
208|2026-08-08|recovery+
209|2026-08-09|game_prep + game 
210|2026-08-11|constraint_long_toss
211|2026-08-12|hybrid_b
212|2026-08-13|recovery+
213|2026-08-14|game_prep + game
214|2026-08-15|recovery+
215|2026-08-16|game_prep
216|2026-08-18|hybrid_b
217|2026-08-19|hybrid_b
218|2026-08-20|hybrid_b
219|2026-08-21|game_prep + game
220|2026-08-22|recovery+
